PMID,GT_Mutations,PubMind-Wei2013_dna_Mutations,TP,FP,FN,Adjusted,Comment
15485686,{'G>Asubstitutionatcodon1763'},{'G1763A'},1,0,0,1,
15672026,{'A>Gpolymorphismatposition670'},{'670A>G'},1,0,0,1,
15770495,"{'IVS3+1G>A', '217218insC', 'del418T', 'del642T'}",set(),0,0,4,,
15820770,{'ACG>AAGsubstitutionincodon420'},set(),0,0,1,,
16252083,"{'A>Gtransitionat127position', 'G>Atransitionat1032position'}","{'G1032A', 'A127G'}",2,0,0,1,
16256386,"{'IVS12+6T>A', 'IVS12+4A>G', 'IVS4+3G>C', 'EX696A>G'}",set(),0,0,4,,
18397285,{'T>Gtransversionatnucleotide4508'},{'T4508G'},1,0,0,1,
20331852,{'rs4112788'},{'LCE3CLCE3Bdel'},0,1,1,,
20335448,{'G>Aatnucleotideposition2141'},{'G2141A'},1,0,0,1,
21135151,{'delta32'},set(),0,0,1,,
18492086,{'20684T>A'},"{'7bpdeletioninexon21', 'baseinsertioninexon26', 'nonsensemutationinexon19', 'nonsensemutationinexon24', '20684T>A'}",1,4,0,,
16143638,{'IVS25855insT'},"{'P1singlenucleotidepolymorphism', 'P3singlenucleotidepolymorphism', 'IVS1singlenucleotidepolymorphism', 'IVS25855insT'}",1,3,0,,
19223935,{'G669A'},"{'2588G>A', '292C>T', 'G669A', '608609delTG'}",1,3,0,,
19880293,"{'924A/G', 'IVS9+459,A/G', '924,A/G', '6054deletion/ATT', '3279,A/C', '6054,deletion/ATT'}","{'IVS9+459A/G', '924A/G', '3279A/C', '6054deletion/ATT'}",6,0,0,1,Same mutation different representation
12915397,{'866G/A'},"{""45ntinsertioninthe3'untranslated3'UTRregion"", '866G/A', 'Ala55ValorA55V'}",1,2,0,,"PubMind put protein mut in dna mut, consider it as FP for fair benchmark"
19781362,"{'rs16864880', 'G>Asubstitutionatnucleotide893'}","{'rs16864880', '893G>A'}",2,0,0,1,
21798259,{'rs16754'},"{'insertionwithincodon313', 'insertionwithincodon314', 'rs16754'}",1,2,0,,
20648600,"{'G1764A', 'A1762T', 'G1899A', 'G1896A'}","{'G1899A', 'sE164D', 'G1896A', 'G1764A', 'rtV173L', 'sI195M', 'rtM204V', 'rtL180M', 'A1762T'}",4,5,0,,
15304120,{'1091C>T'},"{'TA7', '1091C>T'}",1,1,0,,
15464247,{'1188A/C'},"{'4bpinsertion/deletion', '1188A/C'}",1,1,0,,
15668505,{'203G>A'},"{'203G>A', 'N372H'}",1,1,0,,
15867855,{'rs2277025'},"{'rs2277025', '157delMTTTVP'}",1,1,0,,
16728705,"{'863C>A', 'C>Asubstitutionatposition863'}",{'TNFA863C>A'},1,0,1,,
17059986,"{'2633+1G>C', 'r.25212634del'}",{'2633+1G>C'},1,0,1,,
17961316,"{'IVS11G>A', 'IVS11G>C'}",{'IVS11G>C'},1,0,1,,
18189233,"{'A/Gtransition1,071bp'}","{'20bpinsertion/deletionpolymorphism1,109bpupstreamoftheinitiationcodon', 'A/Gtransition1,071bpfromthetranscriptionalstartsite'}",1,1,0,,
19067809,"{'A1166C', 'A11666C'}",{'A1166C'},1,0,1,,
20154289,{'codon104G>A'},"{'alpha2codon104G>A', 'alpha3.7deletion'}",1,1,0,,
20454699,"{'356G>A', 'rs13267'}",{'356G>A'},1,0,1,,
22051099,"{'rs2234671', 'Ex2+860G>C'}",{'rs2234671'},1,0,1,,
22129472,"{'17061715del.ATCTCCTCAG', '17062A>T'}",{'17062A>T'},1,0,1,,
15749661,"{'1665delC', '1469T>G'}","{'1665delC', '714C>T', '1469T>G'}",2,1,0,,
20801104,"{'521C/T', '616C/G'}","{'521C/T', '120bpduplication', '616C/G'}",2,1,0,,
21070631,"{'1021C/T', 'rs1800587', 'rs1611115'}","{'rs1800587', 'rs1611115'}",2,0,1,,
14751036,"{'1242G>T', '2084G>A', '1780C>A', '9+1G>T', '2068G>C'}","{'Cinsertioninexon14betweenpositions25052511', '1242G>T', 'GGCCinsertionatexon8,position1277', '2084G>A', '+1G>T', '1780C>A', '2068G>C'}",5,2,0,,
12650796,{'3020insC'},{'3020insC'},1,0,0,,
12829659,"{'G308A', 'C174G'}","{'G308A', 'C174G'}",2,0,0,,
12872254,{'399402delAGAG'},{'399402delAGAG'},1,0,0,,
12925671,"{'620621del', 'C877T'}","{'620621del', 'C877T'}",2,0,0,,
14508191,"{'A/C1166', 'T/C704', 'T/C344'}","{'A/C1166', 'T/C704', 'T/C344'}",3,0,0,,
14562027,"{'263G/A', '1001C/T', '+355G/T', '+142C/G', '13C/T'}","{'263G/A', '1001C/T', '+355G/T', '+142C/G', '13C/T'}",5,0,0,,
14623369,{'C270T'},{'C270T'},1,0,0,,
15009222,"{'C435G', 'del329C'}","{'C435G', 'del329C'}",2,0,0,,
15086338,"{'6573+1G>C', '5504delA'}","{'6573+1G>C', '5504delA'}",2,0,0,,
15461822,{'Delta30'},"{'Delta30', 'Delta304995'}",1,0,0,,
15579915,{'IVS10+4G'},{'IVS10+4G'},1,0,0,,
15667541,{'g.3907G>A'},{'g.3907G>A'},1,0,0,,
15754732,"{'912delTA', '222insT', '835del18'}","{'912delTA', '222insT', '835del18'}",3,0,0,,
15824163,{'rs1639679'},{'rs1639679'},1,0,0,,
15834874,"{'G1915T/A', 'C3026T', 'T2005C/A', 'A1053G', 'G529A', 'C934A'}","{'G1915T/A', 'C3026T', 'T2005C/A', 'A1053G', 'G529A', 'C934A'}",6,0,0,,
15880727,"{'10441049delTTCTGGinsACACT', '360363delCAAA', '612T>G', '532T>C', '1131G>A', '851T>C', '345372del28', '865delC', '841842delAC', '799+2T>A'}","{'10441049delTTCTGGinsACACT', '612T>G', '360363delCAAA', '532T>C', '1131G>A', '851T>C', '345372del28', '865delC', '841842delAC', '799+2T>A'}",10,0,0,,
15983230,{'rs5393'},{'rs5393'},1,0,0,,
16525586,"{'16421644dupA', '892895dupG', '20451G>A', '791C>T', '210T>G'}","{'16421644dupA', '892895dupG', '20451G>A', '791C>T', '210T>G'}",5,0,0,,
17003357,"{'1858C/T', '2250G/C'}","{'1858C/T', '2250G/C'}",2,0,0,,
17033974,{'2406C>A'},{'2406C>A'},1,0,0,,
17079875,"{'1282G>A', '2084G>C'}","{'1282G>A', '2084G>C'}",2,0,0,,
17166870,{'6bINS'},{'6bINS'},1,0,0,,
17395743,"{'rs2720709', 'rs2648875'}","{'rs2720709', 'rs2648875'}",2,0,0,,
17909797,{'Delta32'},{'CCR5Delta32'},1,0,0,,
17935240,{'g.ORF15+652653delAG'},{'g.ORF15+652653delAG'},1,0,0,,
17968299,{'1082G/A'},{'1082G/A'},1,0,0,,
18372165,"{'681dupA', '360+1G>C', '1570+2T>C', '520delC', '956delC', '899+1G>T'}","{'681dupA', '360+1G>C', '1570+2T>C', '520delC', '956delC', '899+1G>T'}",6,0,0,,
18672102,"{'118119insA', '1146+25insA', '125126insAA', '46delS'}","{'118119insA', '1146+25insA', '125126insAA', '46delS'}",4,0,0,,
18694509,{'rs12329760'},{'rs12329760'},1,0,0,,
18945288,{'342delA'},{'342delA'},1,0,0,,
19276632,"{'25*G>A', '97GCC[9]+[10]', '262G>A', '1272C>T', '1284T>C'}","{'25*G>A', '97GCC[9]+[10]', '262G>A', '1272C>T', '1284T>C'}",5,0,0,,
19429592,"{'897G>T', '867G>T', '507G>T', '15581559insA'}","{'897G>T', '867G>T', '507G>T', '15581559insA'}",4,0,0,,
19565319,"{'rs5751876', 'rs2236624', 'rs3761422', 'rs35320474'}","{'rs5751876', 'rs2236624', 'rs3761422', 'rs35320474'}",4,0,0,,
19624485,{'rs16375'},{'rs16375'},1,0,0,,
19823838,"{'263G>C', '264C>A'}","{'263G>C;c.264C>A', '263G>C', '264C>A'}",2,0,0,,
19881468,{'rs1052133'},{'rs1052133'},1,0,0,,
20080916,"{'rs10954213', 'rs2070197', 'rs2004640'}","{'rs10954213', 'rs2070197', 'rs2004640'}",3,0,0,,
20367983,"{'15461547insC', 'IVS3+18C>T'}","{'15461547insC', 'IVS3+18C>T'}",2,0,0,,
20512659,{'25152519delAAGTT'},{'25152519delAAGTT'},1,0,0,,
20709368,"{'10034C>T', 'rs2066865'}",{'FGG10034C>Trs2066865'},2,0,0,,
20801540,{'2554+1G>T'},{'2554+1G>T'},1,0,0,,
20846357,{'263C>T'},{'263C>T'},1,0,0,,
21099701,{'908G>A'},{'908G>A'},1,0,0,,
21108633,"{'69delC', '410+5G/A'}","{'69delC', '410+5G/A'}",2,0,0,,
21405999,"{'465G>T', '171T>C', '17T>C'}","{'465G>T', '171T>C', '17T>C'}",3,0,0,,
21493871,"{'rs7286979', 'rs5758222', 'rs20551', 'rs6589664', 'rs525549'}","{'rs7286979', 'rs5758222', 'rs20551', 'rs6589664', 'rs525549'}",5,0,0,,
21559944,{'104delT'},{'104delT'},1,0,0,,
21682595,{'rs25487'},{'rs25487'},1,0,0,,
21738389,{'737delC'},{'737delC'},1,0,0,,
21757944,"{'CD+90del13bp', 'IVSII1G>A'}","{'CD+90del13bp', 'IVSII1G>A'}",2,0,0,,
21897748,{'130G>A'},{'130G>A'},1,0,0,,
22188495,{'3190C>T'},{'3190C>T'},1,0,0,,